Alternation,Accuracy
causative,0.5755813953488372
dative,0.7131147540983607
benefactive,0.5416666666666666
locative,0.75
creation and transformation,0.9583333333333334
fulfilling,0.5555555555555556
image impression,0.5625
with/against,0.5
